[
  {
      "model": "portfolios.Category",
      "pk": 1,
      "fields": {
        "name": "Long Term",
        "description": "Equipment needed for successfull practice"
      }
    },
    {
      "model": "portfolios.Category",
      "pk": 2,
      "fields": {
        "name": "Swing",
        "description": "All kind of clothing for all seasons"
      }
    },
    {
      "model": "portfolios.Category",
      "pk": 3,
      "fields": {
        "name": "Value Investing",
        "description": "Replacable mechanical parts"
      }
    },
    {
      "model": "portfolios.Category",
      "pk": 4,
      "fields": {
        "name": "Day Trade",
        "description": "Descriptive instructional books"
      }
    },
  {
    "model": "portfolios.tag",
    "pk": "550e8400-e29b-41d4-a716-446655440001",
    "fields": {
      "name": "Growth",
      "created_at": "2024-01-15T10:30:00Z"

    }
  },
  {
    "model": "portfolios.tag",
    "pk": "550e8400-e29b-41d4-a716-446655440002",
    "fields": {
      "name": "Value",
      "created_at": "2024-01-15T10:30:00Z"
    }
  },
  {
    "model": "portfolios.tag",
    "pk": "550e8400-e29b-41d4-a716-446655440003",
    "fields": {
      "name": "Tech",
      "created_at": "2024-01-15T10:30:00Z"
    }
  },
  {
    "model": "portfolios.tag",
    "pk": "550e8400-e29b-41d4-a716-446655440004",
    "fields": {
      "name": "Healthcare",
      "created_at": "2024-01-15T10:30:00Z"
    }
  },
  {
    "model": "portfolios.tag",
    "pk": "550e8400-e29b-41d4-a716-446655440005",
    "fields": {
      "name": "Dividend",
      "created_at": "2024-01-15T10:30:00Z"
    }
  },
  {
    "model": "portfolios.tag",
    "pk": "550e8400-e29b-41d4-a716-446655440006",
    "fields": {
      "name": "ESG",
      "created_at": "2024-01-15T10:30:00Z"
    }
  },
  {
    "model": "portfolios.tag",
    "pk": "550e8400-e29b-41d4-a716-446655440007",
    "fields": {
      "name": "Small Cap",
      "created_at": "2024-01-15T10:30:00Z"
    }
  },
  {
    "model": "portfolios.tag",
    "pk": "550e8400-e29b-41d4-a716-446655440008",
    "fields": {
      "name": "Blue Chip",
      "created_at": "2024-01-15T10:30:00Z"
    }
  },
  {
    "model": "portfolios.tag",
    "pk": "550e8400-e29b-41d4-a716-446655440009",
    "fields": {
      "name": "International",
      "created_at": "2024-01-15T10:30:00Z"
    }
  },
  {
    "model": "portfolios.tag",
    "pk": "550e8400-e29b-41d4-a716-446655440010",
    "fields": {
      "name": "Energy",
      "created_at": "2024-01-15T10:30:00Z"
    }
  },
  {
    "model": "portfolios.portfolio",
    "pk": "550e8400-e29b-41d4-a716-446655440101",
    "fields": {
      "name": "Tech Growth Champions",
      "description": "A portfolio focused on high-growth technology companies with strong fundamentals and market leadership positions.",
      "created_at": "2024-01-15T09:00:00Z",
      "updated_at": "2024-01-20T14:30:00Z",
      "portfolio_type": "Long Term",
      "tags": [
        "550e8400-e29b-41d4-a716-446655440001",
        "550e8400-e29b-41d4-a716-446655440003"
      ]
    }
  },
  {
    "model": "portfolios.portfolio",
    "pk": "550e8400-e29b-41d4-a716-446655440102",
    "fields": {
      "name": "Dividend Aristocrats",
      "description": "Conservative portfolio of established companies with consistent dividend payment history and stable business models.",
      "created_at": "2024-01-16T10:15:00Z",
      "updated_at": "2024-01-21T11:45:00Z",
      "portfolio_type": "Long Term",
      "category": 4,
      "tags": [
        "550e8400-e29b-41d4-a716-446655440002",
        "550e8400-e29b-41d4-a716-446655440005",
        "550e8400-e29b-41d4-a716-446655440008"
      ]
    }
  },
  {
    "model": "portfolios.portfolio",
    "pk": "550e8400-e29b-41d4-a716-446655440103",
    "fields": {
      "name": "Healthcare Innovation",
      "description": "Focused on biotechnology, pharmaceuticals, and medical device companies driving healthcare innovation.",
      "created_at": "2024-01-17T08:30:00Z",
      "updated_at": "2024-01-22T16:20:00Z",
      "portfolio_type": "Swing",
      "category": 1,
      "tags": [
        "550e8400-e29b-41d4-a716-446655440001",
        "550e8400-e29b-41d4-a716-446655440004"
      ]
    }
  },
  {
    "model": "portfolios.portfolio",
    "pk": "550e8400-e29b-41d4-a716-446655440104",
    "fields": {
      "name": "Day Trader's Edge",
      "description": "High-volatility stocks with strong technical indicators and high trading volume for day trading opportunities.",
      "created_at": "2024-01-18T07:45:00Z",
      "updated_at": "2024-01-23T09:10:00Z",
      "portfolio_type": "Day Trading",
      "category": 2,
      "tags": [
        "550e8400-e29b-41d4-a716-446655440003"
      ]
    }
  },
  {
    "model": "portfolios.portfolio",
    "pk": "550e8400-e29b-41d4-a716-446655440105",
    "fields": {
      "name": "ESG Leaders",
      "description": "Environmentally and socially responsible companies with strong governance practices and sustainable business models.",
      "created_at": "2024-01-19T11:20:00Z",
      "updated_at": "2024-01-24T13:55:00Z",
      "portfolio_type": "Long Term",
      "category": 1,
      "tags": [
        "550e8400-e29b-41d4-a716-446655440006",
        "550e8400-e29b-41d4-a716-446655440001"
      ]
    }
  },
  {
    "model": "portfolios.portfolio",
    "pk": "550e8400-e29b-41d4-a716-446655440106",
    "fields": {
      "name": "Small Cap Gems",
      "description": "Emerging small-cap companies with high growth potential and strong competitive advantages in their markets.",
      "created_at": "2024-01-20T12:00:00Z",
      "updated_at": "2024-01-25T15:30:00Z",
      "portfolio_type": "Variable",
      "tags": [
        "550e8400-e29b-41d4-a716-446655440007",
        "550e8400-e29b-41d4-a716-446655440001"
      ]
    }
  },
  {
    "model": "portfolios.portfolio",
    "pk": "550e8400-e29b-41d4-a716-446655440107",
    "fields": {
      "name": "Energy Transition",
      "description": "Companies positioned to benefit from the global energy transition, including renewable energy and clean technology.",
      "created_at": "2024-01-21T09:30:00Z",
      "updated_at": "2024-01-26T10:45:00Z",
      "portfolio_type": "Swing",
      "tags": [
        "550e8400-e29b-41d4-a716-446655440010",
        "550e8400-e29b-41d4-a716-446655440006"
      ]
    }
  },
  {
    "model": "portfolios.portfolio",
    "pk": "550e8400-e29b-41d4-a716-446655440108",
    "fields": {
      "name": "Global Diversified",
      "description": "International portfolio diversified across developed and emerging markets with exposure to various sectors.",
      "created_at": "2024-01-22T14:15:00Z",
      "updated_at": "2024-01-27T12:20:00Z",
      "portfolio_type": "Long Term",
      "tags": [
        "550e8400-e29b-41d4-a716-446655440009",
        "550e8400-e29b-41d4-a716-446655440002"
      ]
    }
  },
  {
    "model": "portfolios.portfolio",
    "pk": "550e8400-e29b-41d4-a716-446655440109",
    "fields": {
      "name": "Swing Trading Momentum",
      "description": "Medium-term momentum plays with strong price action and technical breakouts for swing trading strategies.",
      "created_at": "2024-01-23T10:45:00Z",
      "updated_at": "2024-01-28T08:15:00Z",
      "portfolio_type": "Swing",
      "category": 3,
      "tags": [
        "550e8400-e29b-41d4-a716-446655440003",
        "550e8400-e29b-41d4-a716-446655440001"
      ]
    }
  },
  {
    "model": "portfolios.portfolio",
    "pk": "550e8400-e29b-41d4-a716-446655440110",
    "fields": {
      "name": "Value Contrarian",
      "description": "Undervalued companies with strong fundamentals trading below intrinsic value, perfect for contrarian investors.",
      "created_at": "2024-01-24T13:30:00Z",
      "updated_at": "2024-01-29T11:40:00Z",
      "portfolio_type": "Variable",
      "category": 3,
      "tags": [
        "550e8400-e29b-41d4-a716-446655440002",
        "550e8400-e29b-41d4-a716-446655440008"
      ]
    }
  },
  {
    "model": "portfolios.stock",
    "pk": "550e8400-e29b-41d4-a716-446655440201",
    "fields": {
      "portfolio": "550e8400-e29b-41d4-a716-446655440101",
      "ticker_name": "AAPL",
      "company_name": "Apple Inc.",
      "sector": "Technology",
      "created_at": "2024-01-15T09:05:00Z",
      "updated_at": "2024-01-20T14:35:00Z"
    }
  },
  {
    "model": "portfolios.stock",
    "pk": "550e8400-e29b-41d4-a716-446655440202",
    "fields": {
      "portfolio": "550e8400-e29b-41d4-a716-446655440101",
      "ticker_name": "MSFT",
      "company_name": "Microsoft Corporation",
      "sector": "Technology",
      "created_at": "2024-01-15T09:10:00Z",
      "updated_at": "2024-01-20T14:40:00Z"
    }
  },
  {
    "model": "portfolios.stock",
    "pk": "550e8400-e29b-41d4-a716-446655440203",
    "fields": {
      "portfolio": "550e8400-e29b-41d4-a716-446655440101",
      "ticker_name": "GOOGL",
      "company_name": "Alphabet Inc.",
      "sector": "Technology",
      "created_at": "2024-01-15T09:15:00Z",
      "updated_at": "2024-01-20T14:45:00Z"
    }
  },
  {
    "model": "portfolios.stock",
    "pk": "550e8400-e29b-41d4-a716-446655440204",
    "fields": {
      "portfolio": "550e8400-e29b-41d4-a716-446655440101",
      "ticker_name": "AMZN",
      "company_name": "Amazon.com Inc.",
      "sector": "Technology",
      "created_at": "2024-01-15T09:20:00Z",
      "updated_at": "2024-01-20T14:50:00Z"
    }
  },
  {
    "model": "portfolios.stock",
    "pk": "550e8400-e29b-41d4-a716-446655440205",
    "fields": {
      "portfolio": "550e8400-e29b-41d4-a716-446655440101",
      "ticker_name": "NVDA",
      "company_name": "NVIDIA Corporation",
      "sector": "Technology",
      "created_at": "2024-01-15T09:25:00Z",
      "updated_at": "2024-01-20T14:55:00Z"
    }
  },
  {
    "model": "portfolios.stock",
    "pk": "550e8400-e29b-41d4-a716-446655440206",
    "fields": {
      "portfolio": "550e8400-e29b-41d4-a716-446655440101",
      "ticker_name": "META",
      "company_name": "Meta Platforms Inc.",
      "sector": "Technology",
      "created_at": "2024-01-15T09:30:00Z",
      "updated_at": "2024-01-20T15:00:00Z"
    }
  },
  {
    "model": "portfolios.stock",
    "pk": "550e8400-e29b-41d4-a716-446655440207",
    "fields": {
      "portfolio": "550e8400-e29b-41d4-a716-446655440101",
      "ticker_name": "TSLA",
      "company_name": "Tesla Inc.",
      "sector": "Technology",
      "created_at": "2024-01-15T09:35:00Z",
      "updated_at": "2024-01-20T15:05:00Z"
    }
  },
  {
    "model": "portfolios.stock",
    "pk": "550e8400-e29b-41d4-a716-446655440208",
    "fields": {
      "portfolio": "550e8400-e29b-41d4-a716-446655440101",
      "ticker_name": "NFLX",
      "company_name": "Netflix Inc.",
      "sector": "Technology",
      "created_at": "2024-01-15T09:40:00Z",
      "updated_at": "2024-01-20T15:10:00Z"
    }
  },
  {
    "model": "portfolios.stock",
    "pk": "550e8400-e29b-41d4-a716-446655440209",
    "fields": {
      "portfolio": "550e8400-e29b-41d4-a716-446655440101",
      "ticker_name": "ADBE",
      "company_name": "Adobe Inc.",
      "sector": "Technology",
      "created_at": "2024-01-15T09:45:00Z",
      "updated_at": "2024-01-20T15:15:00Z"
    }
  },
  {
    "model": "portfolios.stock",
    "pk": "550e8400-e29b-41d4-a716-446655440210",
    "fields": {
      "portfolio": "550e8400-e29b-41d4-a716-446655440101",
      "ticker_name": "CRM",
      "company_name": "Salesforce Inc.",
      "sector": "Technology",
      "created_at": "2024-01-15T09:50:00Z",
      "updated_at": "2024-01-20T15:20:00Z"
    }
  },
  {
    "model": "portfolios.stock",
    "pk": "550e8400-e29b-41d4-a716-446655440211",
    "fields": {
      "portfolio": "550e8400-e29b-41d4-a716-446655440102",
      "ticker_name": "JNJ",
      "company_name": "Johnson & Johnson",
      "sector": "Healthcare",
      "created_at": "2024-01-16T10:20:00Z",
      "updated_at": "2024-01-21T11:50:00Z"
    }
  },
  {
    "model": "portfolios.stock",
    "pk": "550e8400-e29b-41d4-a716-446655440212",
    "fields": {
      "portfolio": "550e8400-e29b-41d4-a716-446655440102",
      "ticker_name": "PG",
      "company_name": "Procter & Gamble Company",
      "sector": "Consumer Goods",
      "created_at": "2024-01-16T10:25:00Z",
      "updated_at": "2024-01-21T11:55:00Z"
    }
  },
  {
    "model": "portfolios.stock",
    "pk": "550e8400-e29b-41d4-a716-446655440213",
    "fields": {
      "portfolio": "550e8400-e29b-41d4-a716-446655440102",
      "ticker_name": "KO",
      "company_name": "The Coca-Cola Company",
      "sector": "Consumer Goods",
      "created_at": "2024-01-16T10:30:00Z",
      "updated_at": "2024-01-21T12:00:00Z"
    }
  },
  {
    "model": "portfolios.stock",
    "pk": "550e8400-e29b-41d4-a716-446655440214",
    "fields": {
      "portfolio": "550e8400-e29b-41d4-a716-446655440102",
      "ticker_name": "WMT",
      "company_name": "Walmart Inc.",
      "sector": "Consumer Discretionary",
      "created_at": "2024-01-16T10:35:00Z",
      "updated_at": "2024-01-21T12:05:00Z"
    }
  },
  {
    "model": "portfolios.stock",
    "pk": "550e8400-e29b-41d4-a716-446655440215",
    "fields": {
      "portfolio": "550e8400-e29b-41d4-a716-446655440102",
      "ticker_name": "XOM",
      "company_name": "Exxon Mobil Corporation",
      "sector": "Energy",
      "created_at": "2024-01-16T10:40:00Z",
      "updated_at": "2024-01-21T12:10:00Z"
    }
  },
  {
    "model": "portfolios.stock",
    "pk": "550e8400-e29b-41d4-a716-446655440216",
    "fields": {
      "portfolio": "550e8400-e29b-41d4-a716-446655440102",
      "ticker_name": "JPM",
      "company_name": "JPMorgan Chase & Co.",
      "sector": "Financial Services",
      "created_at": "2024-01-16T10:45:00Z",
      "updated_at": "2024-01-21T12:15:00Z"
    }
  },
  {
    "model": "portfolios.stock",
    "pk": "550e8400-e29b-41d4-a716-446655440217",
    "fields": {
      "portfolio": "550e8400-e29b-41d4-a716-446655440102",
      "ticker_name": "VZ",
      "company_name": "Verizon Communications Inc.",
      "sector": "Telecommunications",
      "created_at": "2024-01-16T10:50:00Z",
      "updated_at": "2024-01-21T12:20:00Z"
    }
  },
  {
    "model": "portfolios.stock",
    "pk": "550e8400-e29b-41d4-a716-446655440218",
    "fields": {
      "portfolio": "550e8400-e29b-41d4-a716-446655440102",
      "ticker_name": "T",
      "company_name": "AT&T Inc.",
      "sector": "Telecommunications",
      "created_at": "2024-01-16T10:55:00Z",
      "updated_at": "2024-01-21T12:25:00Z"
    }
  },
  {
    "model": "portfolios.stock",
    "pk": "550e8400-e29b-41d4-a716-446655440219",
    "fields": {
      "portfolio": "550e8400-e29b-41d4-a716-446655440102",
      "ticker_name": "MMM",
      "company_name": "3M Company",
      "sector": "Industrials",
      "created_at": "2024-01-16T11:00:00Z",
      "updated_at": "2024-01-21T12:30:00Z"
    }
  },
  {
    "model": "portfolios.stock",
    "pk": "550e8400-e29b-41d4-a716-446655440220",
    "fields": {
      "portfolio": "550e8400-e29b-41d4-a716-446655440102",
      "ticker_name": "IBM",
      "company_name": "International Business Machines Corporation",
      "sector": "Technology",
      "created_at": "2024-01-16T11:05:00Z",
      "updated_at": "2024-01-21T12:35:00Z"
    }
  },
  {
    "model": "portfolios.stock",
    "pk": "550e8400-e29b-41d4-a716-446655440221",
    "fields": {
      "portfolio": "550e8400-e29b-41d4-a716-446655440103",
      "ticker_name": "UNH",
      "company_name": "UnitedHealth Group Incorporated",
      "sector": "Healthcare",
      "created_at": "2024-01-17T08:35:00Z",
      "updated_at": "2024-01-22T16:25:00Z"
    }
  },
  {
    "model": "portfolios.stock",
    "pk": "550e8400-e29b-41d4-a716-446655440222",
    "fields": {
      "portfolio": "550e8400-e29b-41d4-a716-446655440103",
      "ticker_name": "PFE",
      "company_name": "Pfizer Inc.",
      "sector": "Healthcare",
      "created_at": "2024-01-17T08:40:00Z",
      "updated_at": "2024-01-22T16:30:00Z"
    }
  },
  {
    "model": "portfolios.stock",
    "pk": "550e8400-e29b-41d4-a716-446655440223",
    "fields": {
      "portfolio": "550e8400-e29b-41d4-a716-446655440103",
      "ticker_name": "ABBV",
      "company_name": "AbbVie Inc.",
      "sector": "Healthcare",
      "created_at": "2024-01-17T08:45:00Z",
      "updated_at": "2024-01-22T16:35:00Z"
    }
  },
  {
    "model": "portfolios.stock",
    "pk": "550e8400-e29b-41d4-a716-446655440224",
    "fields": {
      "portfolio": "550e8400-e29b-41d4-a716-446655440103",
      "ticker_name": "TMO",
      "company_name": "Thermo Fisher Scientific Inc.",
      "sector": "Healthcare",
      "created_at": "2024-01-17T08:50:00Z",
      "updated_at": "2024-01-22T16:40:00Z"
    }
  },
  {
    "model": "portfolios.stock",
    "pk": "550e8400-e29b-41d4-a716-446655440225",
    "fields": {
      "portfolio": "550e8400-e29b-41d4-a716-446655440103",
      "ticker_name": "DHR",
      "company_name": "Danaher Corporation",
      "sector": "Healthcare",
      "created_at": "2024-01-17T08:55:00Z",
      "updated_at": "2024-01-22T16:45:00Z"
    }
  },
  {
    "model": "portfolios.stock",
    "pk": "550e8400-e29b-41d4-a716-446655440226",
    "fields": {
      "portfolio": "550e8400-e29b-41d4-a716-446655440103",
      "ticker_name": "BMY",
      "company_name": "Bristol-Myers Squibb Company",
      "sector": "Healthcare",
      "created_at": "2024-01-17T09:00:00Z",
      "updated_at": "2024-01-22T16:50:00Z"
    }
  },
  {
    "model": "portfolios.stock",
    "pk": "550e8400-e29b-41d4-a716-446655440227",
    "fields": {
      "portfolio": "550e8400-e29b-41d4-a716-446655440103",
      "ticker_name": "MDT",
      "company_name": "Medtronic plc",
      "sector": "Healthcare",
      "created_at": "2024-01-17T09:05:00Z",
      "updated_at": "2024-01-22T16:55:00Z"
    }
  },
  {
    "model": "portfolios.stock",
    "pk": "550e8400-e29b-41d4-a716-446655440228",
    "fields": {
      "portfolio": "550e8400-e29b-41d4-a716-446655440103",
      "ticker_name": "AMGN",
      "company_name": "Amgen Inc.",
      "sector": "Healthcare",
      "created_at": "2024-01-17T09:10:00Z",
      "updated_at": "2024-01-22T17:00:00Z"
    }
  },
  {
    "model": "portfolios.stock",
    "pk": "550e8400-e29b-41d4-a716-446655440229",
    "fields": {
      "portfolio": "550e8400-e29b-41d4-a716-446655440103",
      "ticker_name": "ISRG",
      "company_name": "Intuitive Surgical Inc.",
      "sector": "Healthcare",
      "created_at": "2024-01-17T09:15:00Z",
      "updated_at": "2024-01-22T17:05:00Z"
    }
  },
  {
    "model": "portfolios.stock",
    "pk": "550e8400-e29b-41d4-a716-446655440230",
    "fields": {
      "portfolio": "550e8400-e29b-41d4-a716-446655440103",
      "ticker_name": "GILD",
      "company_name": "Gilead Sciences Inc.",
      "sector": "Healthcare",
      "created_at": "2024-01-17T09:20:00Z",
      "updated_at": "2024-01-22T17:10:00Z"
    }
  },
  {
    "model": "portfolios.stock",
    "pk": "550e8400-e29b-41d4-a716-446655440231",
    "fields": {
      "portfolio": "550e8400-e29b-41d4-a716-446655440104",
      "ticker_name": "SPY",
      "company_name": "SPDR S&P 500 ETF Trust",
      "sector": "ETF",
      "created_at": "2024-01-18T07:50:00Z",
      "updated_at": "2024-01-23T09:15:00Z"
    }
  },
  {
    "model": "portfolios.stock",
    "pk": "550e8400-e29b-41d4-a716-446655440232",
    "fields": {
      "portfolio": "550e8400-e29b-41d4-a716-446655440104",
      "ticker_name": "QQQ",
      "company_name": "Invesco QQQ Trust",
      "sector": "ETF",
      "created_at": "2024-01-18T07:55:00Z",
      "updated_at": "2024-01-23T09:20:00Z"
    }
  },
  {
    "model": "portfolios.portfolio",
    "pk": "a1b2c3d4-e5f6-7890-abcd-ef1234567890",
    "fields": {
      "name": "Growth Momentum Strategy",
      "description": "Focused on high-growth technology stocks with strong momentum indicators. Targets companies with increasing revenue and market share in emerging tech sectors.",
      "portfolio_type": "Long Term",
      "created_at": "2024-01-15T10:30:00Z",
      "updated_at": "2024-01-15T10:30:00Z"
    }
  },
  {
    "model": "portfolios.portfolio",
    "pk": "b2c3d4e5-f6a7-8901-bcde-f23456789012",
    "fields": {
      "name": "Value Dividend Portfolio",
      "description": "Conservative approach targeting undervalued dividend-paying stocks with strong fundamentals. Focus on established companies with consistent earnings.",
      "portfolio_type": "Long Term",
      "created_at": "2024-02-01T14:20:00Z",
      "updated_at": "2024-02-01T14:20:00Z"
    }
  },
  {
    "model": "portfolios.portfolio",
    "pk": "c3d4e5f6-a7b8-9012-cdef-345678901234",
    "fields": {
      "name": "Swing Trading Breakouts",
      "description": "Technical analysis-based strategy focusing on breakout patterns and momentum shifts. Targets stocks breaking through key resistance levels.",
      "portfolio_type": "Swing",
      "created_at": "2024-02-10T09:15:00Z",
      "updated_at": "2024-02-10T09:15:00Z"
    }
  },
  {
    "model": "portfolios.portfolio",
    "pk": "d4e5f6a7-b8c9-0123-defa-456789012345",
    "fields": {
      "name": "Day Trading Scalper",
      "description": "High-frequency trading strategy for intraday movements. Focuses on liquid stocks with tight spreads and high volume.",
      "portfolio_type": "Day Trading",
      "created_at": "2024-02-20T11:45:00Z",
      "updated_at": "2024-02-20T11:45:00Z"
    }
  },
  {
    "model": "portfolios.portfolio",
    "pk": "e5f6a7b8-c9d0-1234-efab-567890123456",
    "fields": {
      "name": "Adaptive Market Strategy",
      "description": "Flexible approach that adjusts time frames based on market conditions. Combines elements of swing trading and longer-term positions.",
      "portfolio_type": "Variable",
      "created_at": "2024-03-01T16:10:00Z",
      "updated_at": "2024-03-01T16:10:00Z"
    }
  },
  {
    "model": "portfolios.review",
    "pk": "f1a2b3c4-d5e6-7890-abcd-ef1234567890",
    "fields": {
      "body": "This growth momentum strategy has been performing exceptionally well over the past 6 months. The focus on tech stocks really paid off during the AI boom. Risk management could be improved, but overall very satisfied with the 28% returns.",
      "portfolio": "a1b2c3d4-e5f6-7890-abcd-ef1234567890",
      "created": "2024-07-15T14:30:00Z"
    }
  },
  {
    "model": "portfolios.review",
    "pk": "f2b3c4d5-e6a7-8901-bcde-f23456789012",
    "fields": {
      "body": "Love the systematic approach to momentum trading. The stock selection criteria are well-defined and backtested. However, during market downturns, this strategy can be quite volatile. Consider adding some hedging positions.",
      "portfolio": "a1b2c3d4-e5f6-7890-abcd-ef1234567890",
      "created": "2024-06-22T09:45:00Z"
    }
  },
  {
    "model": "portfolios.review",
    "pk": "f3c4d5e6-a7b8-9012-cdef-345678901234",
    "fields": {
      "body": "After implementing this strategy for 8 months, I'm impressed with the consistency. The drawdowns are manageable and the upside capture is excellent. The research process is thorough and well-documented.",
      "portfolio": "a1b2c3d4-e5f6-7890-abcd-ef1234567890",
      "created": "2024-05-10T11:20:00Z"
    }
  },
  {
    "model": "portfolios.review",
    "pk": "f4d5e6a7-b8c9-0123-defa-456789012345",
    "fields": {
      "body": "Solid dividend strategy that provides steady income. The 4.2% yield is attractive in this low-rate environment. Stock selection focuses on quality companies with sustainable payout ratios. Very reliable for retirement planning.",
      "portfolio": "b2c3d4e5-f6a7-8901-bcde-f23456789012",
      "created": "2024-08-01T10:15:00Z"
    }
  },
  {
    "model": "portfolios.review",
    "pk": "f5e6a7b8-c9d0-1234-efab-567890123456",
    "fields": {
      "body": "This value approach requires patience but delivers results. The fundamental analysis is thorough and the margin of safety principle is well-applied. Not exciting but very dependable for long-term wealth building.",
      "portfolio": "b2c3d4e5-f6a7-8901-bcde-f23456789012",
      "created": "2024-07-18T15:40:00Z"
    }
  },
  {
    "model": "portfolios.review",
    "pk": "f6a7b8c9-d0e1-2345-abcd-678901234567",
    "fields": {
      "body": "Great conservative portfolio for risk-averse investors. The dividend growth has been consistent and the capital preservation aspect is excellent. Perfect for my retirement accounts where stability is key.",
      "portfolio": "b2c3d4e5-f6a7-8901-bcde-f23456789012",
      "created": "2024-06-30T13:25:00Z"
    }
  },
  {
    "model": "portfolios.review",
    "pk": "f7b8c9d0-e1f2-3456-bcde-789012345678",
    "fields": {
      "body": "The breakout patterns identified by this system have a high success rate. Risk-reward ratios are favorable and the exit strategies are well-defined. Takes discipline to follow but results speak for themselves.",
      "portfolio": "c3d4e5f6-a7b8-9012-cdef-345678901234",
      "created": "2024-07-25T08:30:00Z"
    }
  },
  {
    "model": "portfolios.review",
    "pk": "f8c9d0e1-f2a3-4567-cdef-890123456789",
    "fields": {
      "body": "Swing trading strategy works well in trending markets. The technical analysis framework is solid and the position sizing is appropriate. Can be challenging during sideways markets but overall profitable approach.",
      "portfolio": "c3d4e5f6-a7b8-9012-cdef-345678901234",
      "created": "2024-06-12T16:20:00Z"
    }
  },
  {
    "model": "portfolios.review",
    "pk": "f9d0e1f2-a3b4-5678-defa-901234567890",
    "fields": {
      "body": "This swing strategy requires active monitoring but the returns justify the effort. The technical setups are clearly defined and backtested. Risk management rules are crucial for success with this approach.",
      "portfolio": "c3d4e5f6-a7b8-9012-cdef-345678901234",
      "created": "2024-05-28T12:10:00Z"
    }
  },
  {
    "model": "portfolios.review",
    "pk": "a0e1f2a3-b4c5-6789-efab-012345678901",
    "fields": {
      "body": "Day trading is not for everyone, but this scalping system is well-designed. The focus on liquidity and tight spreads is essential. Requires significant time commitment and emotional discipline. Profitable but stressful.",
      "portfolio": "d4e5f6a7-b8c9-0123-defa-456789012345",
      "created": "2024-08-10T09:00:00Z"
    }
  },
  {
    "model": "portfolios.review",
    "pk": "a1f2a3b4-c5d6-7890-abcd-123456789012",
    "fields": {
      "body": "High-frequency approach that capitalizes on small price movements. The algorithm is sophisticated and execution is fast. Commission costs add up, so need sufficient capital and volume to be profitable.",
      "portfolio": "d4e5f6a7-b8c9-0123-defa-456789012345",
      "created": "2024-07-28T14:45:00Z"
    }
  },
  {
    "model": "portfolios.review",
    "pk": "a2a3b4c5-d6e7-8901-bcde-234567890123",
    "fields": {
      "body": "Scalping requires intense focus and quick decision-making. This system provides clear entry and exit signals. The win rate is high but individual profits are small. Mental stamina is as important as technical skills.",
      "portfolio": "d4e5f6a7-b8c9-0123-defa-456789012345",
      "created": "2024-06-15T11:30:00Z"
    }
  },
  {
    "model": "portfolios.review",
    "pk": "a3b4c5d6-e7f8-9012-cdef-345678901234",
    "fields": {
      "body": "The adaptive nature of this strategy is its biggest strength. Being able to shift time frames based on market conditions has improved overall performance. Requires experience to implement effectively.",
      "portfolio": "e5f6a7b8-c9d0-1234-efab-567890123456",
      "created": "2024-08-05T13:15:00Z"
    }
  },
  {
    "model": "portfolios.review",
    "pk": "a4c5d6e7-f8a9-0123-defa-456789012345",
    "fields": {
      "body": "Flexibility is key in changing markets and this strategy delivers. The rules for switching between time frames are well-defined. Performance has been consistent across different market environments.",
      "portfolio": "e5f6a7b8-c9d0-1234-efab-567890123456",
      "created": "2024-07-12T10:50:00Z"
    }
  },
  {
    "model": "portfolios.review",
    "pk": "a5d6e7f8-a9b0-1234-efab-567890123456",
    "fields": {
      "body": "Variable time frame approach requires constant market assessment but results are worth it. The strategy adapts well to volatility changes and trend shifts. Great for experienced traders who can read market conditions.",
      "portfolio": "e5f6a7b8-c9d0-1234-efab-567890123456",
      "created": "2024-06-08T15:35:00Z"
    }
  }
  
]